areaName,Borough,2011,2012,2013,2014,2015,2016,2017,2018,2019,2020
All Downtown,Manhattan,3446,3548.75,3557.916667,3613.75,3719.166667,3765,3691.916667,3779.75,3958.416667,3562.833333
All Midtown,Manhattan,3284,3364.583333,3389.583333,3423.333333,3511.25,3515.833333,3471.416667,3474.166667,3639,3254.25
All Upper East Side,Manhattan,2648.75,2752.5,2794.583333,2739.083333,2942.916667,2979.75,2961.666667,2911.666667,3057.333333,2883.25
All Upper Manhattan,Manhattan,1932.583333,2000.25,2041.666667,2096.083333,2244.416667,2363.333333,2335.833333,2343.583333,2407.5,2352.083333
All Upper West Side,Manhattan,3151.5,3247.833333,3226.25,3249.5,3402.5,3427.333333,3328.416667,3329.75,3477.25,3165.583333
Astoria,Queens,1839,2095.833333,2074,2133.333333,2241.25,2286.166667,2228.333333,2176.916667,2278.916667,2191.166667
Auburndale,Queens,#DIV/0!,1600,#DIV/0!,#DIV/0!,1992,1985.181818,2043.583333,2122.416667,2008.833333,2002.636364
Bath Beach,Brooklyn,1122.6,1138,1510,1718.75,1819.666667,2041.083333,1943.416667,1824.833333,1743.25,1842.727273
Battery Park City,Manhattan,3557.166667,3905,3795.083333,4038.5,4493.166667,4533,4223.833333,4495.916667,4799.916667,4158.166667
Bay Ridge,Brooklyn,1576.666667,1655.25,1674.416667,1752.916667,1806.916667,2037.5,1940.833333,1957.583333,1943.666667,1949.5
Baychester,Bronx,#DIV/0!,#DIV/0!,#DIV/0!,#DIV/0!,#DIV/0!,#DIV/0!,#DIV/0!,#DIV/0!,#DIV/0!,#DIV/0!
Bayside,Queens,1966.666667,1891.25,1956.916667,2048.25,2287.5,2366.666667,2417.416667,2356.25,2120.833333,2018.416667
Bedford Park,Bronx,1000,1043.75,1082,1307.875,1409.416667,1454.583333,1521.5,1558.583333,1696.25,1691.777778
Bedford-Stuyvesant,Brooklyn,1629.166667,1791,2090.25,2251.083333,2350.416667,2422.583333,2409.583333,2471.583333,2546.083333,2462.583333
Bellerose,Queens,#DIV/0!,#DIV/0!,#DIV/0!,2016.666667,2000,1991.666667,#DIV/0!,#DIV/0!,#DIV/0!,#DIV/0!
Belmont,Bronx,#DIV/0!,2325,1281.25,1240,1573.916667,1600.666667,1700.666667,1828.75,2080.083333,2072.583333
Bensonhurst,Brooklyn,1339.666667,1525,1424,1505.833333,1658,1830.916667,1784.25,1822.5,1792.583333,1776.416667
Bergen Beach,Brooklyn,#DIV/0!,#DIV/0!,#DIV/0!,1980,1998,2000,2087.375,2226.625,2208.875,2450
Boerum Hill,Brooklyn,3031.75,3125.916667,3281.25,3074.25,2883.333333,3047.583333,3104.25,3170.25,3270.166667,3133.583333
Borough Park,Brooklyn,1218.75,1350,1372.5,1643.75,1659.333333,1827.333333,1807.333333,1777.75,1914.916667,1827.916667
Briarwood,Queens,1400,#DIV/0!,1508.727273,1640.166667,1711.166667,1716.5,1730.166667,1761.25,1785.5,1750
Brighton Beach,Brooklyn,1338.857143,1718.875,1962.333333,1893.5,2004.25,1963.583333,2122.75,2056.166667,2036.583333,2051.5
Bronx,Bronx,1492.833333,1485.333333,1497.916667,1533.25,1534.916667,1652.5,1736.083333,1867.5,1917.333333,1967.25
Bronxwood,Bronx,#DIV/0!,#DIV/0!,#DIV/0!,1313,1250,1505.25,1528.166667,1602.166667,1763.416667,1652
Brooklyn,Brooklyn,2275.833333,2539.583333,2562.5,2543.75,2556.5,2594.083333,2525.25,2550.416667,2609.833333,2587.833333
Brooklyn Heights,Brooklyn,2893.75,2969.833333,3128,2932.083333,3023.25,3180,3111.666667,3142.083333,3481.5,3239.5
Brookville,Queens,#DIV/0!,#DIV/0!,#DIV/0!,#DIV/0!,#DIV/0!,#DIV/0!,#DIV/0!,#DIV/0!,#DIV/0!,#DIV/0!
Brownsville,Brooklyn,#DIV/0!,1350,1424.545455,1354.166667,1474.833333,1637.333333,1749.416667,1828.75,2045.416667,2031.5
Bushwick,Brooklyn,1725.833333,1937.333333,2281.166667,2402,2536.166667,2573.916667,2540.666667,2568.833333,2675.916667,2571.833333
Cambria Heights,Queens,#DIV/0!,#DIV/0!,#DIV/0!,#DIV/0!,#DIV/0!,#DIV/0!,#DIV/0!,#DIV/0!,#DIV/0!,#DIV/0!
Canarsie,Brooklyn,1437.5,#DIV/0!,1547.5,1525,1758.333333,1819.833333,1977.083333,2120.583333,2062.333333,2237.666667
Carroll Gardens,Brooklyn,2655.25,3344.75,3093.333333,2870.833333,2960.25,3010,2884.416667,3007.5,3163.333333,3042.583333
Castle Hill,Bronx,#DIV/0!,#DIV/0!,#DIV/0!,1479,1437,1498.7,1682,1721.285714,1741.666667,#DIV/0!
Central Harlem,Manhattan,1986.333333,2080,2149.333333,2211.083333,2342.666667,2457.083333,2420.166667,2484,2573.333333,2484.916667
Central Park South,Manhattan,5633.166667,5981.083333,7581.25,7329.166667,7607.333333,7509.416667,7011.333333,7539.416667,7180.166667,7077.583333
Central Queens,Queens,1539.166667,1807.166667,1789,1838.75,1977.25,2117.75,2120.5,2115.416667,2166.916667,2137.666667
Chelsea,Manhattan,3491.083333,3625.416667,3731.333333,3744.583333,3934.166667,3980.916667,3903.833333,4013.333333,4274.75,3733.916667
Chinatown,Manhattan,2697.166667,2608.25,2783.333333,2822.75,2874.833333,2819.666667,2807.833333,2747.083333,2809.416667,2765.083333
City Island,Bronx,#DIV/0!,#DIV/0!,#DIV/0!,#DIV/0!,#DIV/0!,#DIV/0!,#DIV/0!,#DIV/0!,#DIV/0!,#DIV/0!
Civic Center,Manhattan,#DIV/0!,#DIV/0!,#DIV/0!,#DIV/0!,#DIV/0!,#DIV/0!,#DIV/0!,#DIV/0!,#DIV/0!,#DIV/0!
Clearview,Queens,#DIV/0!,#DIV/0!,#DIV/0!,#DIV/0!,#DIV/0!,#DIV/0!,#DIV/0!,#DIV/0!,#DIV/0!,2299
Clinton Hill,Brooklyn,2369.166667,2802.083333,2582.75,2685.833333,2733.333333,2703.25,2675.333333,2754.5,3040.916667,2856.583333
Co-op City,Bronx,#DIV/0!,#DIV/0!,#DIV/0!,#DIV/0!,#DIV/0!,#DIV/0!,#DIV/0!,#DIV/0!,#DIV/0!,#DIV/0!
Cobble Hill,Brooklyn,2871.25,2942.333333,3091.5,3117.083333,3155.666667,3129.416667,2973.416667,3165.166667,3410.333333,3098.166667
College Point,Queens,#DIV/0!,#DIV/0!,#DIV/0!,#DIV/0!,#DIV/0!,2200,2200,2110,2175,#DIV/0!
Columbia St Waterfront District,Brooklyn,2363.888889,2672.727273,2939.583333,2639.416667,2709.416667,2911.333333,2673.916667,2812.5,2888.583333,2756.833333
Concourse,Bronx,1270.25,1354.083333,1456.5,1444.083333,1487.083333,1564.166667,1627.666667,1748.75,1740.5,1779.666667
Coney Island,Brooklyn,#DIV/0!,1637.5,1696,1870.666667,2005.583333,2146.166667,2160.083333,2208.333333,2205.75,2305.666667
Corona,Queens,986.3636364,#DIV/0!,#DIV/0!,1521.444444,1628.25,1830.833333,1858.833333,2006.083333,2115.166667,1879.25
Country Club,Bronx,#DIV/0!,#DIV/0!,#DIV/0!,#DIV/0!,#DIV/0!,#DIV/0!,#DIV/0!,#DIV/0!,#DIV/0!,#DIV/0!
Crotona Park East,Bronx,#DIV/0!,#DIV/0!,#DIV/0!,#DIV/0!,#DIV/0!,#DIV/0!,#DIV/0!,#DIV/0!,2039.142857,2060.571429
Crown Heights,Brooklyn,1689.083333,1914.583333,2117.333333,2228.833333,2299.5,2390.333333,2368.916667,2446.083333,2506.416667,2450
DUMBO,Brooklyn,3872.916667,4067.833333,3838.416667,4119.166667,4216.583333,4472.083333,4487.666667,4421.333333,4676.416667,4575.333333
Ditmas Park,Brooklyn,1622.333333,1679,1739.583333,1789.083333,1958.166667,1946.333333,2015.25,2122.75,2244.5,2137.833333
Douglaston,Queens,#DIV/0!,#DIV/0!,2481.25,1500,#DIV/0!,#DIV/0!,2400,#DIV/0!,#DIV/0!,2400
Downtown Brooklyn,Brooklyn,2509.25,2710.583333,2913,3026.916667,3192.75,3127.5,3139.833333,3355.083333,3463.916667,3158.75
Dyker Heights,Brooklyn,1363.636364,1500,1376,1712.5,1910.416667,2119,2061.5,2057.333333,2019.416667,2102.083333
East Brooklyn,Brooklyn,1681.666667,1814.416667,2101.583333,2269.583333,2382.333333,2440.833333,2423,2488.25,2554.916667,2478.083333
East Elmhurst,Queens,#DIV/0!,#DIV/0!,#DIV/0!,2125,#DIV/0!,#DIV/0!,#DIV/0!,2436.5,#DIV/0!,2224
East Flatbush,Brooklyn,1712.166667,1577.833333,1528.333333,1618.833333,1663.75,1868.083333,1993.333333,2150.25,2141.833333,2173.583333
East Harlem,Manhattan,1948.833333,2091.833333,2134.916667,2092.5,2239.5,2344.25,2368.25,2296.916667,2401.166667,2317
East New York,Brooklyn,#DIV/0!,1377.166667,1482.181818,1622,1765.416667,1941.666667,1987,2137,2158.333333,2180.25
East Tremont,Bronx,#DIV/0!,#DIV/0!,#DIV/0!,1257.285714,1521.25,1523.6,1698,1799.818182,1731.8,1770.222222
East Village,Manhattan,2840,2972.916667,3111.083333,3115.666667,3094.416667,3171.083333,3133,3233.333333,3355.916667,3026.583333
Eastchester,Bronx,#DIV/0!,#DIV/0!,#DIV/0!,#DIV/0!,#DIV/0!,#DIV/0!,#DIV/0!,#DIV/0!,#DIV/0!,#DIV/0!
Edenwald,Bronx,#DIV/0!,#DIV/0!,#DIV/0!,#DIV/0!,#DIV/0!,#DIV/0!,#DIV/0!,#DIV/0!,#DIV/0!,#DIV/0!
Elmhurst,Queens,1300,1776,1921.583333,1814.083333,1844.583333,1824.833333,1973,1916.666667,1961.833333,1943.916667
Financial District,Manhattan,3433.25,3562.666667,3468.25,3523.75,3617.75,3584.666667,3616.5,3663.916667,3769.833333,3428.25
Flatbush,Brooklyn,1384.416667,1392.6,1541.916667,1658.416667,1811.416667,1889.333333,1982.083333,2082.5,2219.416667,2236.5
Flatiron,Manhattan,4126.25,4198.416667,4176.833333,4476.333333,4904.25,4768,4645.5,4613.5,4938.916667,4326.333333
Flatlands,Brooklyn,#DIV/0!,#DIV/0!,#DIV/0!,#DIV/0!,#DIV/0!,1800,2116.666667,1967.857143,2099.571429,2144
Floral Park,Queens,#DIV/0!,#DIV/0!,#DIV/0!,#DIV/0!,#DIV/0!,#DIV/0!,#DIV/0!,#DIV/0!,#DIV/0!,#DIV/0!
Flushing,Queens,1328.916667,1461.333333,1645.75,1795.333333,1777.083333,1995.333333,2069.833333,1922.833333,1914.583333,2029.583333
Fordham,Bronx,#DIV/0!,1137.5,#DIV/0!,1222.5,1368.583333,1495.5,1737.833333,1803.833333,1768.666667,1699.916667
Forest Hills,Queens,1889.75,1942.916667,1914.166667,2068.333333,2150.083333,2171.083333,2073.75,2018.583333,2124.333333,2041.083333
Fort Greene,Brooklyn,2518.75,2621.5,2722.083333,2710.916667,2823.75,2805.916667,2842.25,2859.666667,3160.833333,3005.416667
Fresh Meadows,Queens,#DIV/0!,#DIV/0!,#DIV/0!,#DIV/0!,#DIV/0!,#DIV/0!,2129.166667,#DIV/0!,2188,#DIV/0!
Gerritsen Beach,Brooklyn,#DIV/0!,#DIV/0!,#DIV/0!,#DIV/0!,#DIV/0!,#DIV/0!,#DIV/0!,#DIV/0!,#DIV/0!,#DIV/0!
Glen Oaks,Queens,#DIV/0!,1850,1788,1759.5,#DIV/0!,#DIV/0!,#DIV/0!,2000,#DIV/0!,2113
Glendale,Queens,#DIV/0!,1546.428571,1408.5,1629.181818,1849.75,1936.666667,2033.083333,2068.666667,2135.333333,2212.083333
Gowanus,Brooklyn,2895.583333,2486,2940.666667,3145,3172.5,3149.916667,2901.166667,2924.833333,3065.666667,2860.75
Gramercy Park,Manhattan,3207.083333,3365.666667,3424.25,3364.833333,3526.666667,3572,3452.916667,3568,3930.5,3446.666667
Gravesend,Brooklyn,1349.3,1404.9,1477.583333,1502,1696.5,1815.666667,1789.833333,1794.5,1793.25,1822.083333
Greenpoint,Brooklyn,2355.833333,2520.833333,2706.083333,2824.75,2684.416667,2802.75,2777.916667,2800.416667,3030.416667,2939.166667
Greenwich Village,Manhattan,3525.916667,3699.833333,3565.166667,3694.25,3789.166667,3863.75,3659.083333,3725.083333,4097.166667,3534.666667
Greenwood,Brooklyn,2122.5,2051.75,2158.333333,2150,2235,2206.25,2318.333333,2456.083333,2424.166667,2366.666667
Hamilton Heights,Manhattan,1981.333333,2035.833333,2092.75,2182.166667,2380.833333,2380.083333,2413.75,2428.833333,2482.25,2437.5
Highbridge,Bronx,#DIV/0!,#DIV/0!,1248,1493.75,1441.636364,1698.727273,1743.583333,1851.083333,1854.25,1873.166667
Hillcrest,Queens,#DIV/0!,#DIV/0!,#DIV/0!,#DIV/0!,#DIV/0!,#DIV/0!,2435,3325,2790,2900
Hollis,Queens,#DIV/0!,#DIV/0!,#DIV/0!,#DIV/0!,#DIV/0!,#DIV/0!,#DIV/0!,#DIV/0!,#DIV/0!,#DIV/0!
Howard Beach,Queens,#DIV/0!,#DIV/0!,#DIV/0!,#DIV/0!,1400,#DIV/0!,1958.333333,1950,#DIV/0!,#DIV/0!
Hunts Point,Bronx,#DIV/0!,#DIV/0!,#DIV/0!,#DIV/0!,#DIV/0!,#DIV/0!,1808.333333,1625,#DIV/0!,#DIV/0!
Inwood,Manhattan,1549.083333,1488.083333,1597,1677.333333,1849.166667,1849,1830.166667,1913.75,1979.25,1961.25
Jackson Heights,Queens,1403.888889,1540.833333,1583.166667,1706.25,1780.083333,1850.5,1872.916667,1888.333333,1948.5,1973.25
Jamaica,Queens,1525,1736.428571,1632.333333,1757,1691.8,1900.6,1988.75,2131.75,2160.666667,2102.916667
Jamaica Estates,Queens,#DIV/0!,#DIV/0!,#DIV/0!,1639.6,1654.1,1708.166667,2052,2076.166667,1809.583333,1937.090909
Jamaica Hills,Queens,#DIV/0!,#DIV/0!,#DIV/0!,#DIV/0!,#DIV/0!,1613,1839.666667,2400,1940,1768.75
Kensington,Brooklyn,1695.545455,1707.333333,1737.5,1844.416667,2018,2080.166667,2000.416667,2081.666667,2161.833333,2093.25
Kew Gardens,Queens,1458.888889,2111.75,1773.25,1700,1850.916667,1912.5,1922.666667,1903.833333,1931.333333,1874.25
Kew Gardens Hills,Queens,#DIV/0!,1516.4,1743,1941.666667,1807.916667,1954.833333,1936.333333,1940,1924.583333,1927
Kingsbridge,Bronx,#DIV/0!,1844.777778,1369.833333,1439.666667,1512.5,1773.916667,1724.25,1772.583333,1818.833333,1815.583333
Laconia,Bronx,#DIV/0!,#DIV/0!,#DIV/0!,#DIV/0!,#DIV/0!,#DIV/0!,#DIV/0!,#DIV/0!,#DIV/0!,#DIV/0!
Laurelton,Queens,#DIV/0!,#DIV/0!,#DIV/0!,#DIV/0!,#DIV/0!,#DIV/0!,#DIV/0!,#DIV/0!,#DIV/0!,2075
Little Italy,Manhattan,3676.666667,3135.083333,3522.75,3085.083333,3110.833333,3163.583333,2875.166667,2894.666667,3317.583333,3050.166667
Little Neck,Queens,#DIV/0!,#DIV/0!,#DIV/0!,#DIV/0!,#DIV/0!,#DIV/0!,2575,#DIV/0!,2498,#DIV/0!
Long Island City,Queens,2833.416667,2886.75,2915.416667,2866,2991.666667,3062.333333,2972.333333,3035.25,3215.083333,3046.25
Longwood,Bronx,#DIV/0!,#DIV/0!,#DIV/0!,#DIV/0!,#DIV/0!,#DIV/0!,1646,1762.666667,2036,2024.666667
Lower East Side,Manhattan,2503.333333,2760.75,2855.25,2906.75,3033.583333,3125.666667,3065.666667,3193.083333,3478.416667,3259.083333
Manhattan,Manhattan,3099.166667,3189.166667,3214.916667,3217.583333,3313.333333,3328.833333,3265.416667,3261.916667,3434.75,3153.75
Manhattan Beach,Brooklyn,#DIV/0!,#DIV/0!,#DIV/0!,#DIV/0!,3300,4100,2500,#DIV/0!,#DIV/0!,#DIV/0!
Marble Hill,Manhattan,#DIV/0!,#DIV/0!,#DIV/0!,#DIV/0!,1750,#DIV/0!,2211.666667,2172.875,2190.166667,2321.5
Marine Park,Brooklyn,#DIV/0!,#DIV/0!,#DIV/0!,#DIV/0!,1700,2011.333333,1942.75,2291.5,2084,2075
Maspeth,Queens,1500,1587.5,1558.333333,1793.181818,2031.25,2031.25,2107.333333,2115.416667,2116.666667,2104.666667
Melrose,Bronx,1218.25,#DIV/0!,#DIV/0!,#DIV/0!,#DIV/0!,#DIV/0!,1906,1771,1906.916667,1941
Middle Village,Queens,#DIV/0!,#DIV/0!,#DIV/0!,1794.2,1988.636364,1946,1978.75,2105.363636,2183.166667,2233.909091
Midtown,Manhattan,4135.416667,4116.333333,3938.75,3901,4043.333333,4006.25,4010.5,3917,4117.416667,3733.75
Midtown East,Manhattan,3100.416667,3115.833333,3195,3224.916667,3360.583333,3370.5,3320.166667,3365.666667,3498.25,3112.083333
Midtown South,Manhattan,3424.416667,3611.5,3514.166667,3583.916667,3799.833333,3945,3891.166667,3797.083333,4021.25,3573
Midtown West,Manhattan,3151.333333,3317.083333,3345.25,3388.166667,3453.583333,3386.916667,3364.916667,3424,3586.083333,3198.5
Midwood,Brooklyn,1437.083333,1379,1402.083333,1508.416667,1654.916667,1805.5,1812.5,1788.666667,1935.083333,1973.666667
Mill Basin,Brooklyn,#DIV/0!,#DIV/0!,#DIV/0!,#DIV/0!,#DIV/0!,#DIV/0!,#DIV/0!,2400,#DIV/0!,#DIV/0!
Morningside Heights,Manhattan,2582.916667,2791.416667,2840.25,3260.166667,3234.833333,3237.416667,3087.25,3026.25,3124.5,3094.416667
Morris Heights,Bronx,#DIV/0!,#DIV/0!,#DIV/0!,1268,1414.333333,1607.6,1610.454545,1707.5,1858.090909,1882.6
Morris Park,Bronx,#DIV/0!,#DIV/0!,#DIV/0!,1383.222222,1422.833333,1479.166667,1597.916667,1811.5,1900.636364,1849.181818
Morrisania,Bronx,#DIV/0!,#DIV/0!,#DIV/0!,#DIV/0!,1123,1775,#DIV/0!,1853.833333,1912.5,1831.5
Mott Haven,Bronx,1028.75,#DIV/0!,1720,1649,1824.916667,2019,2012.583333,2162.333333,2282.5,2258
NYC,,2881.666667,2988.75,2987.916667,2880.416667,2859.916667,2898.166667,2763.583333,2732.25,2846.25,2769.583333
New Hyde Park,Queens,#DIV/0!,#DIV/0!,#DIV/0!,#DIV/0!,#DIV/0!,#DIV/0!,#DIV/0!,#DIV/0!,#DIV/0!,#DIV/0!
Nolita,Manhattan,3419.666667,3455.833333,3349.583333,3410.25,3543.333333,3742.333333,3671.083333,3623.666667,3735.916667,3374.583333
North Brooklyn,Brooklyn,2823.5,3120.083333,3101.75,3091,3105.25,3072.166667,2985.166667,2936.833333,3275.166667,3125.583333
North Corona,Queens,#DIV/0!,#DIV/0!,#DIV/0!,1662.5,1704,1644,1793,1718.6,1942.222222,2042.6
Northeast Queens,Queens,1593.333333,1700.75,1750.75,1802.75,1863.75,1953.5,1975.916667,1962.75,1956.833333,1954.5
Northwest Brooklyn,Brooklyn,2615.416667,2886.666667,2963.666667,2953.333333,2999.583333,3026.833333,2981.583333,3087.666667,3295.416667,3104.25
Northwest Queens,Queens,2148.75,2631.333333,2366.666667,2354.583333,2376.25,2441.25,2334.833333,2307.5,2427.666667,2378.333333
Norwood,Bronx,#DIV/0!,#DIV/0!,1317.5,1296.875,1405.333333,1436.166667,1532.916667,1624.75,1654.333333,1683.583333
Oakland Gardens,Queens,#DIV/0!,#DIV/0!,#DIV/0!,1900,1950,1930,1818.272727,1987.5,1950,2131.25
Ocean Parkway,Brooklyn,#DIV/0!,#DIV/0!,#DIV/0!,#DIV/0!,#DIV/0!,#DIV/0!,#DIV/0!,#DIV/0!,#DIV/0!,#DIV/0!
Old Mill Basin,Brooklyn,#DIV/0!,#DIV/0!,#DIV/0!,#DIV/0!,#DIV/0!,#DIV/0!,#DIV/0!,#DIV/0!,#DIV/0!,#DIV/0!
Ozone Park,Queens,#DIV/0!,#DIV/0!,#DIV/0!,#DIV/0!,#DIV/0!,#DIV/0!,#DIV/0!,1538.333333,1806.5,#DIV/0!
Park Slope,Brooklyn,2639.916667,2752.75,2696,2770,2866.166667,2849.583333,2787,2874.416667,2999.083333,2947.5
Parkchester,Bronx,1190.75,#DIV/0!,1247.6,1246,1300.5,1575.625,1586,1472.363636,1590.2,1604.166667
Pelham Bay,Bronx,#DIV/0!,#DIV/0!,#DIV/0!,#DIV/0!,1591.166667,1485,1537.4,1768.888889,1732.142857,1667
Pelham Gardens,Bronx,#DIV/0!,#DIV/0!,#DIV/0!,#DIV/0!,#DIV/0!,1841.5,1775,1875,#DIV/0!,#DIV/0!
Pelham Parkway,Bronx,#DIV/0!,#DIV/0!,#DIV/0!,#DIV/0!,1659.4,#DIV/0!,#DIV/0!,1853.166667,1799,1897.333333
Pomonok,Queens,#DIV/0!,#DIV/0!,#DIV/0!,#DIV/0!,#DIV/0!,1900,2200,#DIV/0!,#DIV/0!,#DIV/0!
Port Morris,Bronx,#DIV/0!,#DIV/0!,#DIV/0!,#DIV/0!,#DIV/0!,#DIV/0!,#DIV/0!,#DIV/0!,#DIV/0!,#DIV/0!
Prospect Heights,Brooklyn,2522.416667,2469.666667,2621.916667,2707.333333,2803.666667,2815.916667,2853,2939.166667,3080.583333,2955.666667
Prospect Lefferts Gardens,Brooklyn,1472.916667,1725.916667,1924,1835,1781.25,2064.333333,2137.25,2289.416667,2343.166667,2285.916667
Prospect Park,Brooklyn,2504.583333,2563.25,2577.416667,2604.166667,2645.833333,2629.25,2604.333333,2612,2726.166667,2658.583333
Prospect Park South,Brooklyn,#DIV/0!,1362.5,1568.75,2184.083333,1983.916667,2083.666667,2035.666667,2087.583333,2186.583333,2117.916667
Queens,Queens,1730.416667,2270.25,2116.666667,2138.333333,2170.25,2263.833333,2216.25,2205.75,2262.416667,2247.083333
Queens Village,Queens,#DIV/0!,#DIV/0!,#DIV/0!,1725,#DIV/0!,1833.333333,1837.5,1798,#DIV/0!,2116.666667
Red Hook,Brooklyn,1917.5,2241.666667,2508.333333,2572.5,2506.25,2855.416667,2712.333333,2677.583333,2726,2604.166667
Rego Park,Queens,1572.333333,1513.75,1646.833333,1794.333333,1968.583333,2216.25,2144.5,2046.166667,2076.75,2013.333333
Richmond Hill,Queens,#DIV/0!,#DIV/0!,1500,#DIV/0!,1535.714286,1525,1675,1792.857143,1766.75,1840
Ridgewood,Queens,1512.5,2457.363636,2214.333333,2160.666667,2306.083333,2449.666667,2464.416667,2494.083333,2512.083333,2429
Riverdale,Bronx,1911.166667,1827.25,1938.5,2046.833333,2141.333333,2142.583333,2087.5,2237.416667,2253.5,2392
Rockaway All,Queens,#DIV/0!,#DIV/0!,1363.333333,1438.583333,1518.333333,1745.833333,1789.166667,2017.75,1975.25,1894.333333
Roosevelt Island,Manhattan,2641.916667,2917.416667,3049.833333,3201.333333,3197.083333,3353,3093.5,3293.083333,3467.166667,3252.583333
Rosedale,Queens,#DIV/0!,#DIV/0!,#DIV/0!,#DIV/0!,#DIV/0!,#DIV/0!,#DIV/0!,#DIV/0!,#DIV/0!,#DIV/0!
Schuylerville,Bronx,#DIV/0!,#DIV/0!,#DIV/0!,#DIV/0!,#DIV/0!,#DIV/0!,#DIV/0!,#DIV/0!,#DIV/0!,#DIV/0!
Seagate,Brooklyn,#DIV/0!,#DIV/0!,#DIV/0!,#DIV/0!,#DIV/0!,#DIV/0!,#DIV/0!,#DIV/0!,#DIV/0!,#DIV/0!
Sheepshead Bay,Brooklyn,1496.916667,1466.666667,1564.75,1621.5,1671.666667,1809.416667,1881,1864.166667,1869.833333,1991.25
Soho,Manhattan,5301.333333,5080.583333,4488.166667,4297.5,4812.25,4942.166667,5046.75,5339.583333,5502.416667,4440.583333
Soundview,Bronx,#DIV/0!,#DIV/0!,#DIV/0!,1331.5,1401.5,1627.555556,1710.272727,1851.75,1801.25,1890.333333
South Brooklyn,Brooklyn,1480.833333,1555.833333,1634,1727.083333,1845.833333,1969.083333,1983.25,2029.333333,2076.916667,2106.75
South Jamaica,Queens,#DIV/0!,#DIV/0!,#DIV/0!,#DIV/0!,#DIV/0!,#DIV/0!,#DIV/0!,#DIV/0!,#DIV/0!,#DIV/0!
South Ozone Park,Queens,#DIV/0!,#DIV/0!,#DIV/0!,#DIV/0!,#DIV/0!,#DIV/0!,#DIV/0!,#DIV/0!,#DIV/0!,#DIV/0!
South Queens,Queens,1511.5,1448.416667,1539.25,1611.083333,1661.5,1772.166667,1904,1932.583333,1989.5,2027.5
South Richmond Hill,Queens,#DIV/0!,#DIV/0!,#DIV/0!,#DIV/0!,#DIV/0!,#DIV/0!,#DIV/0!,#DIV/0!,#DIV/0!,#DIV/0!
Springfield Gardens,Queens,#DIV/0!,#DIV/0!,#DIV/0!,#DIV/0!,#DIV/0!,#DIV/0!,#DIV/0!,#DIV/0!,#DIV/0!,#DIV/0!
St. Albans,Queens,#DIV/0!,#DIV/0!,#DIV/0!,#DIV/0!,1500,#DIV/0!,#DIV/0!,#DIV/0!,1662.5,#DIV/0!
Staten Island,Staten Island,#DIV/0!,1562.857143,1614.666667,1652.166667,1690.083333,1988.75,1927.583333,1884.583333,2018,1946
Stuyvesant Town/PCV,Manhattan,3768.5,3657.583333,3526.666667,3568,3753.5,4106.75,4261,3894.5,3852.166667,3895.25
Sunnyside,Queens,1533.666667,1625.916667,1685,1834.75,1956.833333,2000,1984,1976.5,2007.833333,1984.916667
Sunset Park,Brooklyn,1427.777778,1702.625,1745.25,1785.416667,1928.083333,2012.75,2025.666667,2041,2068,2014.833333
The Rockaways,Queens,#DIV/0!,#DIV/0!,1363.333333,1438.583333,1518.333333,1745.833333,1789.166667,2017.75,1975.25,1894.333333
Throgs Neck,Bronx,#DIV/0!,#DIV/0!,#DIV/0!,#DIV/0!,2024.875,1666.6,1890.333333,2177.4,2006.2,2300
Tremont,Bronx,#DIV/0!,#DIV/0!,#DIV/0!,1315.75,1468.272727,1547.5,1583.25,1748.916667,1675.636364,1717.545455
Tribeca,Manhattan,6410.5,6954.083333,6341.083333,6029.666667,6512.25,7458.25,7082.416667,6739,6811.416667,6817.583333
University Heights,Bronx,1115.75,1159.666667,1181.916667,1303.5,1323.166667,1461.916667,1582.583333,1682.666667,1741.333333,1698.833333
Upper East Side,Manhattan,2648.75,2752.5,2794.583333,2739.083333,2942.916667,2979.75,2961.666667,2911.666667,3057.333333,2883.25
Upper West Side,Manhattan,3151.5,3247.833333,3226.25,3249.5,3402.5,3427.333333,3328.416667,3329.75,3477.25,3165.583333
Utopia,Queens,#DIV/0!,#DIV/0!,#DIV/0!,#DIV/0!,#DIV/0!,#DIV/0!,#DIV/0!,#DIV/0!,#DIV/0!,#DIV/0!
Van Nest,Bronx,#DIV/0!,#DIV/0!,#DIV/0!,#DIV/0!,1322.8,1337.75,#DIV/0!,1793.75,#DIV/0!,#DIV/0!
Wakefield,Bronx,#DIV/0!,#DIV/0!,#DIV/0!,1385.666667,1330.25,1439.166667,1508.333333,1814.285714,1980.333333,2031
Washington Heights,Manhattan,1730.25,1800.583333,1798.416667,1858.25,2011.666667,2169.333333,2169.333333,2187.833333,2213.583333,2180.416667
West Harlem,Manhattan,2488.181818,2144.583333,2059.416667,2216.666667,2319.416667,2536.333333,2558.666667,2601.75,2501.916667,2438
West Village,Manhattan,3378.583333,3472.5,3539.166667,3618.333333,3737.5,3796.25,3660.166667,3801.416667,4021.666667,3649
Westchester Village,Bronx,#DIV/0!,#DIV/0!,#DIV/0!,#DIV/0!,1500,#DIV/0!,#DIV/0!,#DIV/0!,#DIV/0!,#DIV/0!
Whitestone,Queens,#DIV/0!,1850,2209.5,1995.833333,2235.714286,2344.222222,2355.625,2160.75,2296.916667,2408.333333
Williamsbridge,Bronx,#DIV/0!,#DIV/0!,#DIV/0!,1275,1387.857143,1625,1966,1873.428571,1831.545455,1881.833333
Williamsburg,Brooklyn,2892.416667,3194.25,3173.666667,3135.666667,3195.833333,3159.5,3054.666667,2965.833333,3321.75,3164.583333
Windsor Terrace,Brooklyn,2184.416667,2182.333333,2345.416667,2387.083333,2647.583333,2517.416667,2515.333333,2541.083333,2672.083333,2657.25
Woodhaven,Queens,#DIV/0!,#DIV/0!,#DIV/0!,1537.5,1716.8,1656.25,1865.727273,1851.333333,1786.833333,1907.2
Woodlawn,Bronx,#DIV/0!,#DIV/0!,#DIV/0!,#DIV/0!,#DIV/0!,#DIV/0!,1687.5,#DIV/0!,1650,1700
Woodside,Queens,1380.5,#DIV/0!,1633.333333,1808.333333,1869.833333,1840.25,1919.166667,1899.166667,1945.333333,1926.666667
Woodstock,Bronx,#DIV/0!,#DIV/0!,#DIV/0!,988,#DIV/0!,#DIV/0!,1877,1999.666667,1930.1,1928.75